{
  "eval_type_id": "scr",
  "eval_config": {
    "random_seed": 42,
    "dataset_names": [
      "LabHC/bias_in_bios_class_set1",
      "canrager/amazon_reviews_mcauley_1and5"
    ],
    "perform_scr": true,
    "early_stopping_patience": 20,
    "train_set_size": 4000,
    "test_set_size": 1000,
    "context_length": 128,
    "probe_train_batch_size": 16,
    "probe_test_batch_size": 500,
    "probe_epochs": 20,
    "probe_lr": 0.001,
    "probe_l1_penalty": 0.001,
    "sae_batch_size": 125,
    "llm_batch_size": 32,
    "llm_dtype": "bfloat16",
    "lower_vram_usage": false,
    "model_name": "gemma-2-2b",
    "n_values": [
      2,
      5,
      10,
      20,
      50,
      100,
      500
    ],
    "column1_vals_lookup": {
      "LabHC/bias_in_bios_class_set1": [
        [
          "professor",
          "nurse"
        ],
        [
          "architect",
          "journalist"
        ],
        [
          "surgeon",
          "psychologist"
        ],
        [
          "attorney",
          "teacher"
        ]
      ],
      "canrager/amazon_reviews_mcauley_1and5": [
        [
          "Books",
          "CDs_and_Vinyl"
        ],
        [
          "Software",
          "Electronics"
        ],
        [
          "Pet_Supplies",
          "Office_Products"
        ],
        [
          "Industrial_and_Scientific",
          "Toys_and_Games"
        ]
      ]
    }
  },
  "eval_id": "0ed3ec04-d014-48be-a9c4-cbc6362e1cda",
  "datetime_epoch_millis": 1770192907918,
  "eval_result_metrics": {
    "scr_metrics": {
      "scr_dir1_threshold_2": 0.17813405271360358,
      "scr_metric_threshold_2": 0.09265799338889193,
      "scr_dir2_threshold_2": 0.09800748030211846,
      "scr_dir1_threshold_5": 0.2103559078201218,
      "scr_metric_threshold_5": 0.13635047834408873,
      "scr_dir2_threshold_5": 0.14151600291227656,
      "scr_dir1_threshold_10": 0.19540169826023834,
      "scr_metric_threshold_10": 0.18384281565899777,
      "scr_dir2_threshold_10": 0.18191660506394453,
      "scr_dir1_threshold_20": 0.2102955198589069,
      "scr_metric_threshold_20": 0.22574352636251185,
      "scr_dir2_threshold_20": 0.22339066641795333,
      "scr_dir1_threshold_50": 0.20486473056641746,
      "scr_metric_threshold_50": 0.24066698969945025,
      "scr_dir2_threshold_50": 0.237777656067396,
      "scr_dir1_threshold_100": 0.16221459161974988,
      "scr_metric_threshold_100": 0.23195151501221917,
      "scr_dir2_threshold_100": 0.22727645493023962,
      "scr_dir1_threshold_500": 0.06927107903798099,
      "scr_metric_threshold_500": 0.20932880575501472,
      "scr_dir2_threshold_500": 0.18196829594864536
    }
  },
  "eval_result_details": [
    {
      "dataset_name": "LabHC/bias_in_bios_class_set1_scr_professor_nurse_results",
      "scr_dir1_threshold_2": 0.333333017964661,
      "scr_metric_threshold_2": 0.017199085925573582,
      "scr_dir2_threshold_2": 0.017199085925573582,
      "scr_dir1_threshold_5": 0.3650786592542414,
      "scr_metric_threshold_5": 0.0319410549698257,
      "scr_dir2_threshold_5": 0.0319410549698257,
      "scr_dir1_threshold_10": 0.3492058386094512,
      "scr_metric_threshold_10": 0.04176908314890556,
      "scr_dir2_threshold_10": 0.04176908314890556,
      "scr_dir1_threshold_20": 0.19047573994951578,
      "scr_metric_threshold_20": 0.0638821099396514,
      "scr_dir2_threshold_20": 0.0638821099396514,
      "scr_dir1_threshold_50": 0.222222327345113,
      "scr_metric_threshold_50": 0.1842752720724605,
      "scr_dir2_threshold_50": 0.1842752720724605,
      "scr_dir1_threshold_100": 0.12698351126433824,
      "scr_metric_threshold_100": 0.24570026513079044,
      "scr_dir2_threshold_100": 0.24570026513079044,
      "scr_dir1_threshold_500": -0.14285727801514528,
      "scr_metric_threshold_500": 0.1719902734607945,
      "scr_dir2_threshold_500": 0.1719902734607945
    },
    {
      "dataset_name": "LabHC/bias_in_bios_class_set1_scr_architect_journalist_results",
      "scr_dir1_threshold_2": 0.15151504204837732,
      "scr_metric_threshold_2": 0.13031163099421397,
      "scr_dir2_threshold_2": 0.13031163099421397,
      "scr_dir1_threshold_5": 0.17171680682792437,
      "scr_metric_threshold_5": 0.16997168525977072,
      "scr_dir2_threshold_5": 0.16997168525977072,
      "scr_dir1_threshold_10": 0.010100882389773526,
      "scr_metric_threshold_10": 0.22096320772287115,
      "scr_dir2_threshold_10": 0.22096320772287115,
      "scr_dir1_threshold_20": -0.02020236684680519,
      "scr_metric_threshold_20": 0.26345608682489086,
      "scr_dir2_threshold_20": 0.26345608682489086,
      "scr_dir1_threshold_50": -0.2828283193172076,
      "scr_metric_threshold_50": -0.005665818524617817,
      "scr_dir2_threshold_50": -0.005665818524617817,
      "scr_dir1_threshold_100": -0.31313156855378627,
      "scr_metric_threshold_100": 0.033994235740938954,
      "scr_dir2_threshold_100": 0.033994235740938954,
      "scr_dir1_threshold_500": 0.07070677879567282,
      "scr_metric_threshold_500": 0.02549576123155021,
      "scr_dir2_threshold_500": 0.02549576123155021
    },
    {
      "dataset_name": "LabHC/bias_in_bios_class_set1_scr_surgeon_psychologist_results",
      "scr_dir1_threshold_2": 0.5483869727270193,
      "scr_metric_threshold_2": 0.015151620057142186,
      "scr_dir2_threshold_2": 0.015151620057142186,
      "scr_dir1_threshold_5": 0.532258142045613,
      "scr_metric_threshold_5": 0.017676839894409477,
      "scr_dir2_threshold_5": 0.017676839894409477,
      "scr_dir1_threshold_10": 0.532258142045613,
      "scr_metric_threshold_10": 0.06060602867826107,
      "scr_dir2_threshold_10": 0.06060602867826107,
      "scr_dir1_threshold_20": 0.5483869727270193,
      "scr_metric_threshold_20": 0.058080808840993786,
      "scr_dir2_threshold_20": 0.058080808840993786,
      "scr_dir1_threshold_50": 0.516128349998606,
      "scr_metric_threshold_50": 0.11868683751925485,
      "scr_dir2_threshold_50": 0.11868683751925485,
      "scr_dir1_threshold_100": 0.3870967431817548,
      "scr_metric_threshold_100": 0.03787889962608624,
      "scr_dir2_threshold_100": 0.03787889962608624,
      "scr_dir1_threshold_500": -0.12903256818245182,
      "scr_metric_threshold_500": 0.06313139903229759,
      "scr_dir2_threshold_500": 0.06313139903229759
    },
    {
      "dataset_name": "LabHC/bias_in_bios_class_set1_scr_attorney_teacher_results",
      "scr_dir1_threshold_2": 0.12195107768082737,
      "scr_metric_threshold_2": 0.08797646577626755,
      "scr_dir2_threshold_2": 0.08797646577626755,
      "scr_dir1_threshold_5": 0.13821151212590824,
      "scr_metric_threshold_5": 0.1114369265674188,
      "scr_dir2_threshold_5": 0.1114369265674188,
      "scr_dir1_threshold_10": 0.11382110275354018,
      "scr_metric_threshold_10": 0.13489738735857004,
      "scr_dir2_threshold_10": 0.13489738735857004,
      "scr_dir1_threshold_20": 0.25203261487944845,
      "scr_metric_threshold_20": 0.19354836454274843,
      "scr_dir2_threshold_20": 0.19354836454274843,
      "scr_dir1_threshold_50": 0.41463405178721824,
      "scr_metric_threshold_50": 0.21994133923436865,
      "scr_dir2_threshold_50": 0.21994133923436865,
      "scr_dir1_threshold_100": 0.3577237427057014,
      "scr_metric_threshold_100": 0.017595258196513565,
      "scr_dir2_threshold_100": 0.017595258196513565,
      "scr_dir1_threshold_500": 0.12195107768082737,
      "scr_metric_threshold_500": 0.005865027800937943,
      "scr_dir2_threshold_500": 0.005865027800937943
    },
    {
      "dataset_name": "canrager/amazon_reviews_mcauley_1and5_scr_Books_CDs_and_Vinyl_results",
      "scr_dir1_threshold_2": -0.00546440968122594,
      "scr_metric_threshold_2": 0.1835939173469977,
      "scr_dir2_threshold_2": 0.1835939173469977,
      "scr_dir1_threshold_5": 0.04371592886659017,
      "scr_metric_threshold_5": 0.2890624563442615,
      "scr_dir2_threshold_5": 0.2890624563442615,
      "scr_dir1_threshold_10": 0.06010915791026799,