{
  "eval_type_id": "scr",
  "eval_config": {
    "random_seed": 42,
    "dataset_names": [
      "LabHC/bias_in_bios_class_set1",
      "canrager/amazon_reviews_mcauley_1and5"
    ],
    "perform_scr": true,
    "early_stopping_patience": 20,
    "train_set_size": 4000,
    "test_set_size": 1000,
    "context_length": 128,
    "probe_train_batch_size": 16,
    "probe_test_batch_size": 500,
    "probe_epochs": 20,
    "probe_lr": 0.001,
    "probe_l1_penalty": 0.001,
    "sae_batch_size": 125,
    "llm_batch_size": 32,
    "llm_dtype": "bfloat16",
    "lower_vram_usage": false,
    "model_name": "gemma-2-2b",
    "n_values": [
      2,
      5,
      10,
      20,
      50,
      100,
      500
    ],
    "column1_vals_lookup": {
      "LabHC/bias_in_bios_class_set1": [
        [
          "professor",
          "nurse"
        ],
        [
          "architect",
          "journalist"
        ],
        [
          "surgeon",
          "psychologist"
        ],
        [
          "attorney",
          "teacher"
        ]
      ],
      "canrager/amazon_reviews_mcauley_1and5": [
        [
          "Books",
          "CDs_and_Vinyl"
        ],
        [
          "Software",
          "Electronics"
        ],
        [
          "Pet_Supplies",
          "Office_Products"
        ],
        [
          "Industrial_and_Scientific",
          "Toys_and_Games"
        ]
      ]
    }
  },
  "eval_id": "25c31c62-3a15-4396-b5c5-2e7e9595a69b",
  "datetime_epoch_millis": 1770320416870,
  "eval_result_metrics": {
    "scr_metrics": {
      "scr_dir1_threshold_2": 0.19760511583182072,
      "scr_metric_threshold_2": 0.10867928960164082,
      "scr_dir2_threshold_2": 0.10837018900341056,
      "scr_dir1_threshold_5": 0.24779680880918664,
      "scr_metric_threshold_5": 0.17533693869410144,
      "scr_dir2_threshold_5": 0.17156624501295978,
      "scr_dir1_threshold_10": 0.24643596174728602,
      "scr_metric_threshold_10": 0.23758638113816538,
      "scr_dir2_threshold_10": 0.22457799008811577,
      "scr_dir1_threshold_20": 0.20671106645306886,
      "scr_metric_threshold_20": 0.3009191511058804,
      "scr_dir2_threshold_20": 0.27807017890787694,
      "scr_dir1_threshold_50": 0.2904146223448932,
      "scr_metric_threshold_50": 0.33900877701910836,
      "scr_dir2_threshold_50": 0.303805436209826,
      "scr_dir1_threshold_100": 0.3574141009879515,
      "scr_metric_threshold_100": 0.3026574593470264,
      "scr_dir2_threshold_100": 0.26244186102850864,
      "scr_dir1_threshold_500": 0.2893236274091206,
      "scr_metric_threshold_500": 0.3051913567623071,
      "scr_dir2_threshold_500": 0.2463164368398834
    }
  },
  "eval_result_details": [
    {
      "dataset_name": "LabHC/bias_in_bios_class_set1_scr_professor_nurse_results",
      "scr_dir1_threshold_2": 0.42857088793941894,
      "scr_metric_threshold_2": 0.007371057746493725,
      "scr_dir2_threshold_2": 0.007371057746493725,
      "scr_dir1_threshold_5": 0.47619029597980633,
      "scr_metric_threshold_5": 0.0319410549698257,
      "scr_dir2_threshold_5": 0.0319410549698257,
      "scr_dir1_threshold_10": 0.46031747533501616,
      "scr_metric_threshold_10": 0.05651105219315768,
      "scr_dir2_threshold_10": 0.05651105219315768,
      "scr_dir1_threshold_20": 0.46031747533501616,
      "scr_metric_threshold_20": 0.08353816629781112,
      "scr_dir2_threshold_20": 0.08353816629781112,
      "scr_dir1_threshold_50": 0.41269806729462877,
      "scr_metric_threshold_50": 0.15479118753522092,
      "scr_dir2_threshold_50": 0.15479118753522092,
      "scr_dir1_threshold_100": 0.42857088793941894,
      "scr_metric_threshold_100": 0.2113022397283786,
      "scr_dir2_threshold_100": 0.2113022397283786,
      "scr_dir1_threshold_500": -0.09523881608077475,
      "scr_metric_threshold_500": 0.16461921571430077,
      "scr_dir2_threshold_500": 0.16461921571430077
    },
    {
      "dataset_name": "LabHC/bias_in_bios_class_set1_scr_architect_journalist_results",
      "scr_dir1_threshold_2": 0.1414141596586038,
      "scr_metric_threshold_2": 0.12747880615775103,
      "scr_dir2_threshold_2": 0.12747880615775103,
      "scr_dir1_threshold_5": 0.09090914564247801,
      "scr_metric_threshold_5": 0.19263462165485803,
      "scr_dir2_threshold_5": 0.19263462165485803,
      "scr_dir1_threshold_10": 0.12121179281179859,
      "scr_metric_threshold_10": 0.23796032559334063,
      "scr_dir2_threshold_10": 0.23796032559334063,
      "scr_dir1_threshold_20": -0.38383894941671726,
      "scr_metric_threshold_20": 0.3371105456830785,
      "scr_dir2_threshold_20": 0.3371105456830785,
      "scr_dir1_threshold_50": -0.3535357001801385,
      "scr_metric_threshold_50": 0.10764869459912667,
      "scr_dir2_threshold_50": 0.10764869459912667,
      "scr_dir1_threshold_100": 0.2323233053010818,
      "scr_metric_threshold_100": 0.11898016279667031,
      "scr_dir2_threshold_100": 0.11898016279667031,
      "scr_dir1_threshold_500": -0.30303068616401274,
      "scr_metric_threshold_500": 0.19263462165485803,
      "scr_dir2_threshold_500": 0.19263462165485803
    },
    {
      "dataset_name": "LabHC/bias_in_bios_class_set1_scr_surgeon_psychologist_results",
      "scr_dir1_threshold_2": 0.5483869727270193,
      "scr_metric_threshold_2": 0.012626249703105673,
      "scr_dir2_threshold_2": 0.012626249703105673,
      "scr_dir1_threshold_5": 0.5806446340898319,
      "scr_metric_threshold_5": 0.025252499406211347,
      "scr_dir2_threshold_5": 0.025252499406211347,
      "scr_dir1_threshold_10": 0.532258142045613,
      "scr_metric_threshold_10": 0.058080808840993786,
      "scr_dir2_threshold_10": 0.058080808840993786,
      "scr_dir1_threshold_20": 0.532258142045613,
      "scr_metric_threshold_20": 0.12121220787329137,
      "scr_dir2_threshold_20": 0.12121220787329137,
      "scr_dir1_threshold_50": 0.5483869727270193,
      "scr_metric_threshold_50": 0.17171720668571405,
      "scr_dir2_threshold_50": 0.17171720668571405,
      "scr_dir1_threshold_100": 0.516128349998606,
      "scr_metric_threshold_100": 0.06313139903229759,
      "scr_dir2_threshold_100": 0.06313139903229759,
      "scr_dir1_threshold_500": 0.48387068863579336,
      "scr_metric_threshold_500": 0.027777869760247858,
      "scr_dir2_threshold_500": 0.027777869760247858
    },
    {
      "dataset_name": "LabHC/bias_in_bios_class_set1_scr_attorney_teacher_results",
      "scr_dir1_threshold_2": 0.12195107768082737,
      "scr_metric_threshold_2": 0.06744869367928502,
      "scr_dir2_threshold_2": 0.06744869367928502,
      "scr_dir1_threshold_5": 0.19512182120742508,
      "scr_metric_threshold_5": 0.10557172397278113,
      "scr_dir2_threshold_5": 0.10557172397278113,
      "scr_dir1_threshold_10": -0.08130071845388491,
      "scr_metric_threshold_10": 0.17595310634623484,
      "scr_dir2_threshold_10": 0.17595310634623484,
      "scr_dir1_threshold_20": -0.07317074352659772,
      "scr_metric_threshold_20": 0.2375365974308822,
      "scr_dir2_threshold_20": 0.2375365974308822,
      "scr_dir1_threshold_50": 0.20325228072521878,
      "scr_metric_threshold_50": 0.34310849619736306,
      "scr_dir2_threshold_50": 0.34310849619736306,
      "scr_dir1_threshold_100": 0.10569112782625298,
      "scr_metric_threshold_100": 0.06744869367928502,
      "scr_dir2_threshold_100": 0.06744869367928502,
      "scr_dir1_threshold_500": 0.23577218043436754,
      "scr_metric_threshold_500": 0.06158349108464734,
      "scr_dir2_threshold_500": 0.06158349108464734
    },
    {
      "dataset_name": "canrager/amazon_reviews_mcauley_1and5_scr_Books_CDs_and_Vinyl_results",
      "scr_dir1_threshold_2": 0.01092881936245188,
      "scr_metric_threshold_2": 0.3085936845163922,
      "scr_dir2_threshold_2": 0.3085936845163922,
      "scr_dir1_threshold_5": 0.03825119347697291,
      "scr_metric_threshold_5": 0.4609375436557385,
      "scr_dir2_threshold_5": 0.4609375436557385,
      "scr_dir1_threshold_10": 0.04918033854781611,