{
  "eval_type_id": "scr",
  "eval_config": {
    "random_seed": 42,
    "dataset_names": [
      "LabHC/bias_in_bios_class_set1",
      "canrager/amazon_reviews_mcauley_1and5"
    ],
    "perform_scr": true,
    "early_stopping_patience": 20,
    "train_set_size": 4000,
    "test_set_size": 1000,
    "context_length": 128,
    "probe_train_batch_size": 16,
    "probe_test_batch_size": 500,
    "probe_epochs": 20,
    "probe_lr": 0.001,
    "probe_l1_penalty": 0.001,
    "sae_batch_size": 125,
    "llm_batch_size": 256,
    "llm_dtype": "bfloat16",
    "lower_vram_usage": false,
    "model_name": "pythia-160m",
    "n_values": [
      2,
      5,
      10,
      20,
      50,
      100,
      500
    ],
    "column1_vals_lookup": {
      "LabHC/bias_in_bios_class_set1": [
        [
          "professor",
          "nurse"
        ],
        [
          "architect",
          "journalist"
        ],
        [
          "surgeon",
          "psychologist"
        ],
        [
          "attorney",
          "teacher"
        ]
      ],
      "canrager/amazon_reviews_mcauley_1and5": [
        [
          "Books",
          "CDs_and_Vinyl"
        ],
        [
          "Software",
          "Electronics"
        ],
        [
          "Pet_Supplies",
          "Office_Products"
        ],
        [
          "Industrial_and_Scientific",
          "Toys_and_Games"
        ]
      ]
    }
  },
  "eval_id": "aa94660f-a48d-4b24-bdb5-2bb390a7d89b",
  "datetime_epoch_millis": 1769381713834,
  "eval_result_metrics": {
    "scr_metrics": {
      "scr_dir1_threshold_2": 0.32039361158893204,
      "scr_metric_threshold_2": 0.2531656722649174,
      "scr_dir2_threshold_2": 0.14752256649924014,
      "scr_dir1_threshold_5": 0.38506236872125893,
      "scr_metric_threshold_5": 0.32219061113909586,
      "scr_dir2_threshold_5": 0.18696641836567227,
      "scr_dir1_threshold_10": 0.3090821424886001,
      "scr_metric_threshold_10": 0.3109520884909172,
      "scr_dir2_threshold_10": 0.214224622741429,
      "scr_dir1_threshold_20": 0.3143618022368582,
      "scr_metric_threshold_20": 0.28621812581156003,
      "scr_dir2_threshold_20": 0.31374292682080734,
      "scr_dir1_threshold_50": 0.4212735639772491,
      "scr_metric_threshold_50": 0.35428117057124353,
      "scr_dir2_threshold_50": 0.3138563549092069,
      "scr_dir1_threshold_100": 0.4808082698000796,
      "scr_metric_threshold_100": 0.37499486464107407,
      "scr_dir2_threshold_100": 0.22226053691983752,
      "scr_dir1_threshold_500": 0.40056397611383804,
      "scr_metric_threshold_500": 0.37129994653796927,
      "scr_dir2_threshold_500": 0.07485830860931866
    }
  },
  "eval_result_details": [
    {
      "dataset_name": "LabHC/bias_in_bios_class_set1_scr_professor_nurse_results",
      "scr_dir1_threshold_2": 0.6266666454739007,
      "scr_metric_threshold_2": 0.0369126718058665,
      "scr_dir2_threshold_2": 0.0369126718058665,
      "scr_dir1_threshold_5": 0.7800000158945745,
      "scr_metric_threshold_5": 0.11409387650359198,
      "scr_dir2_threshold_5": 0.11409387650359198,
      "scr_dir1_threshold_10": 0.7666668521033688,
      "scr_metric_threshold_10": 0.14765108725458842,
      "scr_dir2_threshold_10": 0.14765108725458842,
      "scr_dir1_threshold_20": 0.8000001589457446,
      "scr_metric_threshold_20": 0.30201349665003935,
      "scr_dir2_threshold_20": 0.30201349665003935,
      "scr_dir1_threshold_50": 0.8666667726304964,
      "scr_metric_threshold_50": -0.07718120469772548,
      "scr_dir2_threshold_50": -0.07718120469772548,
      "scr_dir1_threshold_100": 0.8933334975772695,
      "scr_metric_threshold_100": 0.1308723818713096,
      "scr_dir2_threshold_100": 0.1308723818713096,
      "scr_dir1_threshold_500": 0.886666518317305,
      "scr_metric_threshold_500": 0.29194631342318433,
      "scr_dir2_threshold_500": 0.29194631342318433
    },
    {
      "dataset_name": "LabHC/bias_in_bios_class_set1_scr_architect_journalist_results",
      "scr_dir1_threshold_2": 0.7288888924210165,
      "scr_metric_threshold_2": 0.7288888924210165,
      "scr_dir2_threshold_2": 0.3333333333333333,
      "scr_dir1_threshold_5": 0.8088889348065484,
      "scr_metric_threshold_5": 0.8088889348065484,
      "scr_dir2_threshold_5": 0.18571418434583187,
      "scr_dir1_threshold_10": 0.8666667726304964,
      "scr_metric_threshold_10": 0.8666667726304964,
      "scr_dir2_threshold_10": 0.3904763121183351,
      "scr_dir1_threshold_20": 0.8266667514377305,
      "scr_metric_threshold_20": 0.8266667514377305,
      "scr_dir2_threshold_20": 0.5714286525233345,
      "scr_dir1_threshold_50": 0.8400001801385106,
      "scr_metric_threshold_50": 0.8400001801385106,
      "scr_dir2_threshold_50": 0.8095239717133357,
      "scr_dir1_threshold_100": 0.8622223847000945,
      "scr_metric_threshold_100": 0.8622223847000945,
      "scr_dir2_threshold_100": -0.4714287944391699,
      "scr_dir1_threshold_500": 0.35111114996451537,
      "scr_metric_threshold_500": 0.35111114996451537,
      "scr_dir2_threshold_500": -1.038095319190001
    },
    {
      "dataset_name": "LabHC/bias_in_bios_class_set1_scr_surgeon_psychologist_results",
      "scr_dir1_threshold_2": 0.635220038551825,
      "scr_metric_threshold_2": 0.11787078620109473,
      "scr_dir2_threshold_2": 0.11787078620109473,
      "scr_dir1_threshold_5": 0.7295595480244627,
      "scr_metric_threshold_5": 0.19771856999624696,
      "scr_dir2_threshold_5": 0.19771856999624696,
      "scr_dir1_threshold_10": 0.8050313805257053,
      "scr_metric_threshold_10": 0.0836502426792808,
      "scr_dir2_threshold_10": 0.0836502426792808,
      "scr_dir1_threshold_20": 0.6918238192097851,
      "scr_metric_threshold_20": 0.07984801042877268,
      "scr_dir2_threshold_20": 0.07984801042877268,
      "scr_dir1_threshold_50": 0.723270322367331,
      "scr_metric_threshold_50": -0.12927748295261907,
      "scr_dir2_threshold_50": -0.12927748295261907,
      "scr_dir1_threshold_100": 0.7610060511820086,
      "scr_metric_threshold_100": -0.09505693943080513,
      "scr_dir2_threshold_100": -0.09505693943080513,
      "scr_dir1_threshold_500": 0.7610060511820086,
      "scr_metric_threshold_500": 0.19771856999624696,
      "scr_dir2_threshold_500": 0.19771856999624696
    },
    {
      "dataset_name": "LabHC/bias_in_bios_class_set1_scr_attorney_teacher_results",
      "scr_dir1_threshold_2": 0.5039370743929302,
      "scr_metric_threshold_2": 0.5039370743929302,
      "scr_dir2_threshold_2": 0.0543477873551955,
      "scr_dir1_threshold_5": 0.5944882601146615,
      "scr_metric_threshold_5": 0.5944882601146615,
      "scr_dir2_threshold_5": 0.13586946838798875,
      "scr_dir1_threshold_10": 0.5748032401459329,
      "scr_metric_threshold_10": 0.5748032401459329,
      "scr_dir2_threshold_10": 0.27717397466218896,
      "scr_dir1_threshold_20": 0.03543308287650129,
      "scr_metric_threshold_20": 0.03543308287650129,
      "scr_dir2_threshold_20": 0.5108695898648756,
      "scr_dir1_threshold_50": 0.5157481802397468,
      "scr_metric_threshold_50": 0.5157481802397468,
      "scr_dir2_threshold_50": 0.22282586336862859,
      "scr_dir1_threshold_100": 0.27952770595105425,
      "scr_metric_threshold_100": 0.27952770595105425,
      "scr_dir2_threshold_100": 0.39130426332042656,
      "scr_dir1_threshold_500": 0.34645667997915247,
      "scr_metric_threshold_500": 0.34645667997915247,
      "scr_dir2_threshold_500": -0.635869954295536
    },
    {
      "dataset_name": "canrager/amazon_reviews_mcauley_1and5_scr_Books_CDs_and_Vinyl_results",
      "scr_dir1_threshold_2": 0.0729926181618366,
      "scr_metric_threshold_2": 0.4027777969407919,
      "scr_dir2_threshold_2": 0.4027777969407919,
      "scr_dir1_threshold_5": 0.0364963090809183,
      "scr_metric_threshold_5": 0.43981490551974833,
      "scr_dir2_threshold_5": 0.43981490551974833,
      "scr_dir1_threshold_10": -0.8102188447229668,
      "scr_metric_threshold_10": 0.28703690161840395,