{
  "eval_type_id": "scr",
  "eval_config": {
    "random_seed": 42,
    "dataset_names": [
      "LabHC/bias_in_bios_class_set1",
      "canrager/amazon_reviews_mcauley_1and5"
    ],
    "perform_scr": true,
    "early_stopping_patience": 20,
    "train_set_size": 4000,
    "test_set_size": 1000,
    "context_length": 128,
    "probe_train_batch_size": 16,
    "probe_test_batch_size": 500,
    "probe_epochs": 20,
    "probe_lr": 0.001,
    "probe_l1_penalty": 0.001,
    "sae_batch_size": 125,
    "llm_batch_size": 512,
    "llm_dtype": "bfloat16",
    "lower_vram_usage": false,
    "model_name": "pythia-160m-deduped",
    "n_values": [
      2,
      5,
      10,
      20,
      50,
      100,
      500
    ],
    "column1_vals_lookup": {
      "LabHC/bias_in_bios_class_set1": [
        [
          "professor",
          "nurse"
        ],
        [
          "architect",
          "journalist"
        ],
        [
          "surgeon",
          "psychologist"
        ],
        [
          "attorney",
          "teacher"
        ]
      ],
      "canrager/amazon_reviews_mcauley_1and5": [
        [
          "Books",
          "CDs_and_Vinyl"
        ],
        [
          "Software",
          "Electronics"
        ],
        [
          "Pet_Supplies",
          "Office_Products"
        ],
        [
          "Industrial_and_Scientific",
          "Toys_and_Games"
        ]
      ]
    }
  },
  "eval_id": "abe1c6a8-a5f1-4925-86bf-fe0d05d8598b",
  "datetime_epoch_millis": 1769813694114,
  "eval_result_metrics": {
    "scr_metrics": {
      "scr_dir1_threshold_2": 0.18573032301240838,
      "scr_metric_threshold_2": 0.11451972131133267,
      "scr_dir2_threshold_2": 0.11451972131133267,
      "scr_dir1_threshold_5": 0.2051219454425605,
      "scr_metric_threshold_5": 0.1425547647040012,
      "scr_dir2_threshold_5": 0.1425547647040012,
      "scr_dir1_threshold_10": 0.025471858616123066,
      "scr_metric_threshold_10": 0.16435306230571872,
      "scr_dir2_threshold_10": 0.16435306230571872,
      "scr_dir1_threshold_20": 0.1870756892171588,
      "scr_metric_threshold_20": 0.1767389276256614,
      "scr_dir2_threshold_20": 0.1767389276256614,
      "scr_dir1_threshold_50": -0.17276067429115666,
      "scr_metric_threshold_50": 0.13782347265215716,
      "scr_dir2_threshold_50": 0.13782347265215716,
      "scr_dir1_threshold_100": -0.8063353679515735,
      "scr_metric_threshold_100": 0.10621549757854742,
      "scr_dir2_threshold_100": 0.10621549757854742,
      "scr_dir1_threshold_500": -0.8008956971390295,
      "scr_metric_threshold_500": 0.03462303126723046,
      "scr_dir2_threshold_500": 0.03462303126723046
    }
  },
  "eval_result_details": [
    {
      "dataset_name": "LabHC/bias_in_bios_class_set1_scr_professor_nurse_results",
      "scr_dir1_threshold_2": 0.47727232703465333,
      "scr_metric_threshold_2": 0.007653114365342091,
      "scr_dir2_threshold_2": 0.007653114365342091,
      "scr_dir1_threshold_5": 0.5909086598834729,
      "scr_metric_threshold_5": 0.053571496452079315,
      "scr_dir2_threshold_5": 0.053571496452079315,
      "scr_dir1_threshold_10": 0.545454668604722,
      "scr_metric_threshold_10": 0.07653068749544792,
      "scr_dir2_threshold_10": 0.07653068749544792,
      "scr_dir1_threshold_20": 0.6818179970929169,
      "scr_metric_threshold_20": 0.13265301933243107,
      "scr_dir2_threshold_20": 0.13265301933243107,
      "scr_dir1_threshold_50": -0.4545466860472205,
      "scr_metric_threshold_50": 0.01530607667802652,
      "scr_dir2_threshold_50": 0.01530607667802652,
      "scr_dir1_threshold_100": -1.750001693314928,
      "scr_metric_threshold_100": -0.010204101802903567,
      "scr_dir2_threshold_100": -0.010204101802903567,
      "scr_dir1_threshold_500": 0.3181820029070831,
      "scr_metric_threshold_500": 0.02551017848093009,
      "scr_dir2_threshold_500": 0.02551017848093009
    },
    {
      "dataset_name": "LabHC/bias_in_bios_class_set1_scr_architect_journalist_results",
      "scr_dir1_threshold_2": 0.3636362228934409,
      "scr_metric_threshold_2": 0.08857130400989369,
      "scr_dir2_threshold_2": 0.08857130400989369,
      "scr_dir1_threshold_5": 0.4675325077447312,
      "scr_metric_threshold_5": 0.14571427306350482,
      "scr_dir2_threshold_5": 0.14571427306350482,
      "scr_dir1_threshold_10": -0.3506493808085484,
      "scr_metric_threshold_10": 0.19428558388535747,
      "scr_dir2_threshold_10": 0.19428558388535747,
      "scr_dir1_threshold_20": 0.29870123838290324,
      "scr_metric_threshold_20": 0.21428566562886472,
      "scr_dir2_threshold_20": 0.21428566562886472,
      "scr_dir1_threshold_50": 0.22077941178747312,
      "scr_metric_threshold_50": -0.15714286687422704,
      "scr_dir2_threshold_50": -0.15714286687422704,
      "scr_dir1_threshold_100": 0.32467492255268815,
      "scr_metric_threshold_100": -0.14000006130763046,
      "scr_dir2_threshold_100": -0.14000006130763046,
      "scr_dir1_threshold_500": -1.0129868420848924,
      "scr_metric_threshold_500": -0.2314286414944348,
      "scr_dir2_threshold_500": -0.2314286414944348
    },
    {
      "dataset_name": "LabHC/bias_in_bios_class_set1_scr_surgeon_psychologist_results",
      "scr_dir1_threshold_2": 0.26666710818239014,
      "scr_metric_threshold_2": 0.013440846001321878,
      "scr_dir2_threshold_2": 0.013440846001321878,
      "scr_dir1_threshold_5": 0.3333342163647803,
      "scr_metric_threshold_5": 0.021505417693124237,
      "scr_dir2_threshold_5": 0.021505417693124237,
      "scr_dir1_threshold_10": 0.24444518030398357,
      "scr_metric_threshold_10": 0.03763440084920587,
      "scr_dir2_threshold_10": 0.03763440084920587,
      "scr_dir1_threshold_20": 0.11111228848637372,
      "scr_metric_threshold_20": 0.05107524685052775,
      "scr_dir2_threshold_20": 0.05107524685052775,
      "scr_dir1_threshold_50": -0.2,
      "scr_metric_threshold_50": 0.04838710969576799,
      "scr_dir2_threshold_50": 0.04838710969576799,
      "scr_dir1_threshold_100": -2.6888877115136265,
      "scr_metric_threshold_100": 0.05913981854233011,
      "scr_dir2_threshold_100": 0.05913981854233011,
      "scr_dir1_threshold_500": -4.7999973509056595,
      "scr_metric_threshold_500": -0.06182795569708987,
      "scr_dir2_threshold_500": -0.06182795569708987
    },
    {
      "dataset_name": "LabHC/bias_in_bios_class_set1_scr_attorney_teacher_results",
      "scr_dir1_threshold_2": 0.125,
      "scr_metric_threshold_2": 0.1497174251806029,
      "scr_dir2_threshold_2": 0.1497174251806029,
      "scr_dir1_threshold_5": 0.31944435246200203,
      "scr_metric_threshold_5": 0.1355931461399682,
      "scr_dir2_threshold_5": 0.1355931461399682,
      "scr_dir1_threshold_10": -0.4027774098480082,
      "scr_metric_threshold_10": 0.17796615163655988,
      "scr_dir2_threshold_10": 0.17796615163655988,
      "scr_dir1_threshold_20": -0.02777740984800821,
      "scr_metric_threshold_20": 0.21751416662527456,
      "scr_dir2_threshold_20": 0.21751416662527456,
      "scr_dir1_threshold_50": -1.2777774098480081,
      "scr_metric_threshold_50": 0.3135592977765281,
      "scr_dir2_threshold_50": 0.3135592977765281,
      "scr_dir1_threshold_100": -3.1527765820060267,
      "scr_metric_threshold_100": 0.02824855808126941,
      "scr_dir2_threshold_100": 0.02824855808126941,
      "scr_dir1_threshold_500": -1.3194435246200205,
      "scr_metric_threshold_500": -0.3333333894582292,
      "scr_dir2_threshold_500": -0.3333333894582292
    },
    {
      "dataset_name": "canrager/amazon_reviews_mcauley_1and5_scr_Books_CDs_and_Vinyl_results",
      "scr_dir1_threshold_2": 0.06569344335971745,
      "scr_metric_threshold_2": 0.35944675904562257,
      "scr_dir2_threshold_2": 0.35944675904562257,
      "scr_dir1_threshold_5": -0.6788319580035319,
      "scr_metric_threshold_5": 0.3870967210304956,
      "scr_dir2_threshold_5": 0.3870967210304956,
      "scr_dir1_threshold_10": -0.6058393398416954,